<?xml version="1.0" encoding="UTF-8" standalone="yes"?>
<addon id="plugin.program.TavaraTV" name="TavaraTv Wizard" version="1.0" provider-name="Tavara TV">
  <requires>
    <import addon="xbmc.python" version="2.1.0"/>
  </requires>
  <extension point="xbmc.python.pluginsource" library="default.py">
    <provides>executable</provides>
  </extension>
  <extension point="xbmc.service" library="startup.py" start="startup" />
  <extension point="xbmc.addon.metadata">
    <summary lang="en">TavaraTv Wizard</summary>
    <description lang="en">TavaraTV Wizard allows you to get access to the latest updates..</description>
    <platform>all</platform>
  </extension>
</addon>